Time,Female,Male
Before 2012,13.986133471849833,14.986382005671036
After 2012,7.003422619047619,8.700312546648753
